,B,T0y,BCy,ly
0,-5000.0,0.1324646281429605,0.11008390027899466,0.04193069856222677
1,-4990.0,0.13245960468456539,0.1099967496467979,0.041956182797313724
2,-4980.0,0.13245455174325926,0.10990886665634735,0.04198181652200702
3,-4970.000000000001,0.13244946908949345,0.10982025130764306,0.04200760089942972
4,-4960.0,0.13244435649149722,0.10973102566039399,0.04203353710395551
5,-4950.0,0.13243921371525183,0.10964094559518221,0.0420596263213385
6,-4940.0,0.13243404052446478,0.10955013317171665,0.04208586974884479
7,-4930.0,0.13242883668054328,0.10945858838999735,0.04211226859538583
8,-4920.000000000001,0.13242360194256766,0.1093663112500243,0.042138824081653536
9,-4910.0,0.13241833606726416,0.10927317969208851,0.04216553744025722
10,-4900.0,0.13241303880897762,0.10917931577589898,0.04219240991586237
11,-4890.0,0.13240770991964354,0.10908471950145571,0.04221944276533134
12,-4880.0,0.13240234914875995,0.10898939086875868,0.042246637257865906
13,-4870.0,0.13239695624335895,0.10889308575838998,0.042273994675151715
14,-4860.0,0.13239153094797754,0.10879617034947647,0.04230151631150482
15,-4850.0,0.13238607300462837,0.10869827846289129,0.042329203474020055
16,-4840.0,0.13238058215277002,0.10859965421805236,0.04235705748272155
17,-4830.0,0.1323750581292768,0.10850017555525072,0.04238507967071524
18,-4820.0,0.1323695006684082,0.10839996453419534,0.04241327138434344
19,-4810.0,0.13236390950177782,0.10829877703546825,0.04244163398334165
20,-4800.0,0.132358284358322,0.10819673511877846,0.042470168840997344
21,-4790.0,0.13235262496426803,0.10809396084383494,0.042498877344311084
22,-4780.0,0.1323469310431018,0.10799021009121972,0.04252776089415976
23,-4770.0,0.13234120231553506,0.10788560492064181,0.04255682090546217
24,-4760.0,0.13233543849947216,0.10778014533210117,0.042586058807346804
25,-4750.0,0.1323296393099766,0.10767383132559782,0.04261547604332197
26,-4740.0,0.1323238044592367,0.1075665408414228,0.04264507407144834
27,-4730.0,0.13231793365653116,0.10745839593928505,0.042674854364513806
28,-4720.0,0.13231202660819386,0.10734927455947567,0.04270481841021086
29,-4710.0,0.13230608301757843,0.10723929876170354,0.04273496771131635
30,-4700.0,0.1323001025850221,0.10712834648625974,0.04276530378587386
31,-4690.0,0.13229408500780906,0.10701641773314427,0.042795828167378515
32,-4680.0,0.13228802998013364,0.10690351250235713,0.0428265424049645
33,-4670.0,0.1322819371930624,0.10678975285360728,0.04285744806359516
34,-4660.0,0.13227580633449615,0.1066748946674768,0.04288854672425574
35,-4650.0,0.13226963708913134,0.10655918206338358,0.04291983998414891
36,-4640.0,0.13226342913842068,0.10644237092190975,0.042951329456893
37,-4630.0,0.1322571821605335,0.10632470536247321,0.04298301677272311
38,-4620.0,0.1322508958303154,0.10620594126565605,0.04301490357869497
39,-4610.0,0.1322445698192472,0.10608607863145822,0.043046991538891785
40,-4600.0,0.1322382037954036,0.10596523951958875,0.043079282334634
41,-4590.0,0.132231797423411,0.1058434239300476,0.043111777664692034
42,-4580.0,0.13222535036440494,0.10572050980312582,0.04314447924550207
43,-4570.0,0.1322188622759866,0.10559661919853237,0.04317738881138495
44,-4560.0,0.13221233281217895,0.10547150799684932,0.043210508114768176
45,-4550.0,0.1322057616233823,0.10534542031749461,0.043243838926411135
46,-4540.0,0.13219914835632904,0.10521823410075926,0.043277383035633527
47,-4530.0,0.1321924926540376,0.10508994934664327,0.04331114225054715
48,-4520.0,0.13218579415576628,0.10496056605514664,0.04334511839829096
49,-4510.0,0.13217905249696577,0.10483008422626938,0.04337931332526959
50,-4500.0,0.13217226730923146,0.10469838180030257,0.04341372889739532
51,-4490.0,0.13216543822025464,0.1045655808369551,0.04344836700033352
52,-4479.999999999999,0.13215856485377356,0.10443168133622699,0.04348322953975173
53,-4470.0,0.1321516468295231,0.1042965612384093,0.04351831844157232
54,-4460.0,0.13214468376318422,0.10416034260321098,0.043553635652228924
55,-4450.0,0.13213767526633238,0.10402290337092307,0.043589183138926506
56,-4440.0,0.13213062094638545,0.10388436560125452,0.04362496288990533
57,-4429.999999999999,0.13212352040655054,0.10374448517478743,0.043660976914708834
58,-4420.0,0.13211637324577033,0.1036035062109397,0.04369722724445532
59,-4410.0,0.13210917905866842,0.10346118459029342,0.043733715932113844
60,-4400.0,0.13210193743549406,0.10331776443226652,0.043770445052783984
61,-4390.0,0.1320946479620657,0.10317300161744104,0.043807416703979904
62,-4379.999999999999,0.1320873102197142,0.10302701820552601,0.04384463300591859
63,-4370.000000000001,0.13207992378522487,0.10287981419652137,0.043882096101812304
64,-4360.0,0.13207248823077858,0.10273126753071818,0.04391980815816552
65,-4350.0,0.13206500312389227,0.10258137820811644,0.04395777136507618
66,-4340.0,0.13205746802735838,0.10243039034813407,0.04399598793654151
67,-4330.0,0.1320498824991833,0.1022779377716442,0.04403446011076846
68,-4320.000000000001,0.13204224609252527,0.10212414253835578,0.044073190150488675
69,-4310.0,0.13203455835563074,0.10196912670797775,0.04411218034327837
70,-4300.0,0.13202681883177037,0.10181276822080117,0.04415143300188289
71,-4290.0,0.13201902705917373,0.10165494501711711,0.044190950464546234
72,-4280.0,0.13201118257096295,0.10149590121634343,0.04423073509534559
73,-4270.000000000001,0.13200328489508573,0.10133539269906225,0.04427078928453089
74,-4260.0,0.1319953335542469,0.10117354152498254,0.04431111544886955
75,-4250.0,0.13198732806583918,0.10101022563439528,0.04435171603199643
76,-4240.0,0.1319792679418729,0.10084556708700951,0.044392593504769186
77,-4230.0,0.13197115268890441,0.10067956588282519,0.04443375036562902
78,-4220.0,0.13196298180796387,0.10051197790242437,0.04447518914096693
79,-4210.0,0.13195475479448127,0.10034304726522501,0.04451691238549564
80,-4200.0,0.13194647113821176,0.10017265191151815,0.044558922682627185
81,-4190.0,0.13193813032315993,0.10000079184130377,0.044601222644856345
82,-4180.0,0.13192973182750248,0.09982758911429086,0.04464381491414999
83,-4170.0,0.13192127512350998,0.09965267755135251,0.04468670216234247
84,-4160.0,0.1319127596774675,0.0994764233316156,0.04472988709153708
85,-4150.0,0.1319041849495936,0.09929870439537121,0.04477337243451379
86,-4140.0,0.13189555039395864,0.09911939868291034,0.04481716095514335
87,-4130.0,0.13188685545840134,0.098938506194233,0.04486125544880777
88,-4120.0,0.13187809958444408,0.09875614898904814,0.044905658742827426
89,-4110.0,0.13186928220720728,0.09857232706735579,0.04495037369689484
90,-4100.0,0.13186040275532188,0.09838691836944695,0.04499540320351529
91,-4089.9999999999995,0.13185146065084083,0.09819992289532166,0.04504075018845424
92,-4079.9999999999995,0.13184245530914906,0.09801134064497989,0.045086417611191955
93,-4070.0000000000005,0.13183338613887202,0.09782117161842166,0.04513240846538518
94,-4060.0000000000005,0.13182425254178268,0.09762941581564696,0.045178725779336154
95,-4050.0000000000005,0.1318150539127073,0.09743607323665579,0.045225372616469105
96,-4039.9999999999995,0.13180578963942952,0.09724114388144815,0.045272352075814176
97,-4029.9999999999995,0.13179645910259283,0.09704462775002407,0.045319667292499186
98,-4020.0000000000005,0.13178706167560186,0.09684640278267452,0.04536732143824914
99,-4010.0000000000005,0.1317775967245215,0.09664659103910853,0.04541531772189378
100,-4000.0,0.1317680636079751,0.09644519251932605,0.04546365938988318
101,-3989.9999999999995,0.13175846167704042,0.09624208516361818,0.045512349726811646
102,-3979.9999999999995,0.1317487902751443,0.09603726897198485,0.04556139205595006
103,-3970.0,0.13173904873795542,0.09583086600413505,0.04561078973978676
104,-3960.0,0.13172923639327547,0.09562275420035983,0.04566054618057711
105,-3950.0,0.1317193525609284,0.0954129335606592,0.045710664820902074
106,-3939.9999999999995,0.13170939655264813,0.0952015261447421,0.045761149144235645
107,-3929.9999999999995,0.13169936767196397,0.09498840989289956,0.045812002675521685
108,-3920.0,0.1316892652140849,0.09477358480513158,0.04586322898176
109,-3910.0,0.13167908846578105,0.09455692882172924,0.04591483167260203
110,-3900.0,0.13166883670526414,0.09433868606211042,0.04596681440095627
111,-3890.0,0.1316585092020653,0.09411873446656617,0.046019180863603536
112,-3879.9999999999995,0.1316481052169111,0.0938970740350965,0.04607193480182239
113,-3870.0,0.13163762400159779,0.09367370476770141,0.046125080002024796
114,-3860.0,0.13162706479886307,0.09344850460467193,0.04617862029640228
115,-3850.0,0.13161642684225588,0.09322171766542597,0.04623255956358267
116,-3840.0,0.13160570935600424,0.09299309983054563,0.04628690172929781
117,-3829.9999999999995,0.13159491155488048,0.09276277315973985,0.046341650767062204
118,-3820.0,0.13158403264406468,0.09253073765300868,0.04639681069886302
119,-3810.0,0.13157307181900554,0.09229687125064309,0.046452385595861546
120,-3800.0,0.131562028265279,0.09206141807206104,0.046508379579106314
121,-3790.0,0.13155090115844448,0.09182413399784463,0.04656479682025815
122,-3779.9999999999995,0.13153968966389878,0.09158514108770274,0.04662164154232737
123,-3770.0,0.13152839293672755,0.0913443172819265,0.04667891802042328
124,-3760.0,0.13151701012155398,0.0911019066999338,0.04673663058251639
125,-3750.0,0.1315055403523853,0.09085766522230669,0.046794783610213345
126,-3740.0,0.1314939827524565,0.09061171490875417,0.04685338153954497
127,-3730.0,0.13148233643407142,0.09036405575927621,0.04691242886176768
128,-3720.0000000000005,0.13147060049844114,0.09011468777387284,0.0469719301241784
129,-3710.0,0.13145877403551962,0.08986361095254401,0.04703188993094341
130,-3700.0,0.13144685612383655,0.08961070323558083,0.04709231294394121
131,-3690.0,0.13143484583032738,0.08935620874240117,0.047153203883619786
132,-3680.0,0.13142274221016034,0.08910000541329609,0.047214567529868565
133,-3670.0000000000005,0.1314105443065606,0.08884209324826556,0.04727640872290523
134,-3660.0,0.1313982511506313,0.08858247224730963,0.047338732364177794
135,-3650.0,0.13138586176117165,0.0883212644701372,0.047401543417282206
136,-3640.0,0.13137337514449163,0.08805834785703937,0.04746484690889567
137,-3630.0,0.13136079029422384,0.0877937224080161,0.04752864792972622
138,-3620.0000000000005,0.1313481061911317,0.08752751018277638,0.047592951635478595
139,-3610.0,0.1313353218029147,0.08725971118132018,0.04765776324783697
140,-3600.0,0.13132243608400987,0.0869903254036475,0.047723088055464644
141,-3590.0,0.13130944797539013,0.08671923079004942,0.04778893141502125
142,-3580.0,0.13129635640435883,0.08644667145994381,0.047855298752197656
143,-3570.0000000000005,0.13128316028434106,0.08617252535362174,0.04792219556276893
144,-3560.0000000000005,0.13126985851467074,0.0858967924710832,0.04798962741366585
145,-3550.0,0.1312564499803745,0.08561959487203714,0.04805759994406514
146,-3540.0,0.13124293355195146,0.08534093255648359,0.04812611886649889
147,-3530.0,0.1312293080851492,0.08506080552442252,0.04819518996798362
148,-3520.0000000000005,0.13121557242073573,0.08477921377585396,0.04826481911116924
149,-3510.0000000000005,0.13120172538426744,0.08449615731077786,0.0483350122355083
150,-3500.0,0.13118776578585287,0.08421175818890322,0.04840577535844611
151,-3489.9999999999995,0.1311736924199124,0.08392589435052109,0.04847711457663193
152,-3479.9999999999995,0.13115950406493346,0.08363880991504935,0.048549036067151746
153,-3470.0000000000005,0.1311451994832215,0.08335038282277907,0.04862154608878314
154,-3460.0000000000005,0.13113077742064647,0.08306061307371024,0.04869465098327254
155,-3449.9999999999995,0.1311162366063846,0.08276974478726078,0.048768357176635344
156,-3439.9999999999995,0.13110157575265585,0.08247753384401275,0.048842671180479524
157,-3429.9999999999995,0.13108679355445624,0.08218422436338411,0.048917599593352984
158,-3420.0000000000005,0.13107188868928552,0.08188981634537484,0.04899314910211524
159,-3410.0000000000005,0.13105685981686996,0.08159430978998493,0.04906932648333394
160,-3400.0000000000005,0.1310417055788801,0.08129770469721438,0.04914613860470664
161,-3389.9999999999995,0.13102642459864303,0.08100012312677216,0.04922359242650847
162,-3379.9999999999995,0.13101101548085,0.08070156507865828,0.049301695003066075
163,-3370.0,0.1309954768112582,0.08040215261258168,0.04938045348425851
164,-3360.0,0.1309798071563872,0.08010188572854236,0.04945987511704554
165,-3350.0,0.13096400506320996,0.07980076442654034,0.049539967247023885
166,-3339.9999999999995,0.130948069058838,0.0794987887065756,0.049620737320012105
167,-3329.9999999999995,0.13093199765020078,0.07919620268806606,0.0497021928836646
168,-3320.0,0.13091578932371925,0.07889300637101172,0.049784341589115357
169,-3310.0,0.13089944254497318,0.07858919975541262,0.049867191192652094
170,-3300.0,0.13088295575836256,0.07828478284126868,0.04995074955742132
171,-3289.9999999999995,0.13086632738676246,0.0779799997479979,0.05003502465516513
172,-3279.9999999999995,0.13084955583117155,0.07767472841589125,0.05012002456799018
173,-3270.0,0.13083263947035406,0.07736909090465775,0.050205757490169714
174,-3260.0,0.1308155766604751,0.07706320927400631,0.05029223172997914
175,-3250.0,0.13079836573472903,0.07675708352393697,0.05037945571156603
176,-3240.0,0.13078100500296078,0.07645095777386762,0.05046743797685508
177,-3229.9999999999995,0.13076349275128032,0.07614458790438033,0.050556187187489
178,-3220.0,0.1307458272416695,0.07583834009460204,0.05064571212680577
179,-3210.0,0.13072800671158177,0.07553209228482374,0.05073602170185337
180,-3200.0,0.13071002937353393,0.07522608859446334,0.050827124945442476
181,-3190.0,0.1306918934146906,0.07492032902352087,0.050919031018238074
182,-3180.0,0.1306735969964403,0.07461481357199631,0.051011749210890876
183,-3170.0,0.1306551382539638,0.0743097863593076,0.051105288946209144
184,-3160.0,0.130636515295794,0.07400512532574577,0.051199659781372045
185,-3150.0,0.1306177262033675,0.07370119665043769,0.05129487141018518
186,-3140.0,0.13059876903056733,0.07339787827367439,0.051390933665379473
187,-3130.0,0.13057964180325732,0.07309529225516484,0.051487856520953945
188,-3120.0,0.13056034251880697,0.07279356065461802,0.05158565009456367
189,-3110.0,0.13054086914560753,0.07249280553174288,0.05168432464995379
190,-3100.0,0.13052121962257845,0.0721930268865394,0.051783890599440316
191,-3090.0,0.13050139185866444,0.07189446883842551,0.05188435850643921
192,-3080.0,0.1304813837323226,0.07159713138740123,0.05198573908804419
193,-3070.0,0.13046119309099963,0.07130113659317548,0.05208804321765493
194,-3060.0,0.13044081775059876,0.07100660651545725,0.052191281927656125
195,-3050.0,0.13042025549493638,0.07071366321395547,0.05229546641214909
196,-3040.0,0.13039950407518783,0.07042230668867017,0.05240060802973659
197,-3030.0,0.13037856120932237,0.0701326589993103,0.05250671830636224
198,-3020.0,0.13035742458152716,0.06984496426529375,0.05261380893820577
199,-3010.0,0.13033609184161957,0.06955922248662058,0.052721891794635045
200,-3000.0,0.13031456060444818,0.06927567778270866,0.05283097892121648
201,-2990.0,0.13029282844928153,0.06899420809384905,0.052941082542784734
202,-2980.0,0.13027089291918523,0.06871505753945965,0.053052215066573316
203,-2970.0,0.1302487515203862,0.06843834817924943,0.053164389085407104
204,-2960.0000000000005,0.13022640172162447,0.06816420207292737,0.053277617380958556
205,-2950.0,0.13020384095349197,0.0678927412802024,0.0533919129270685
206,-2940.0,0.13018106660775802,0.06762408786078347,0.053507288893133324
207,-2930.0,0.1301580760366815,0.06735824181467064,0.05362375864755996
208,-2920.0,0.13013486655230874,0.06709544726128175,0.053741335761289866
209,-2910.0000000000005,0.13011143542575776,0.06683570420061684,0.05386003401139403
210,-2900.0,0.1300877798864878,0.06657925675209383,0.05397986738474006
211,-2890.0,0.13006389712155395,0.06632622697542168,0.05410085008173328
212,-2880.0000000000005,0.13003978427484697,0.06607661487060039,0.054222996520133376
213,-2870.0,0.1300154384463175,0.0658305424973389,0.05434632133894836
214,-2860.0000000000005,0.12999085669118432,0.06558825397505515,0.05447083940240722
215,-2849.9999999999995,0.12996603601912676,0.06534974930374912,0.05459656580401367
216,-2839.9999999999995,0.12994097339346042,0.06511515054312979,0.05472351587068201
217,-2830.0000000000005,0.12991566573029603,0.06488470181261506,0.054851705166957684
218,-2819.9999999999995,0.129890109897681,0.06465840311220494,0.054981149499323895
219,-2810.0000000000005,0.12986430271472346,0.06443637650160841,0.05511186492059633
220,-2800.0000000000005,0.12983824095069824,0.06421874404053438,0.05524386773440834
221,-2789.9999999999995,0.12981192132413394,0.06400562778869184,0.05537717449978797
222,-2780.0000000000005,0.12978534050188198,0.06379714980578975,0.05551180203582941
223,-2769.9999999999995,0.12975849509816556,0.0635933100918281,0.05564776742646091
224,-2760.0000000000005,0.12973138167360923,0.06339447482593377,0.05578508802531097
225,-2750.0,0.12970399673424823,0.06320039988868885,0.055923781460675705
226,-2739.9999999999995,0.12967633673051712,0.0630114514592202,0.056063865640588864
227,-2730.0,0.1296483980562174,0.06282775159723682,0.056205358757997495
228,-2720.0,0.12962017704746331,0.0626491782430297,0.05634827929604546
229,-2710.0,0.12959166998160596,0.062475975516016774,0.05649264603346686
230,-2700.0,0.12956287307613418,0.062308143416198045,0.05663847805009254
231,-2689.9999999999995,0.12953378248755287,0.06214592606299145,0.05678579473247167
232,-2680.0,0.1295043943102375,0.06198932345639696,0.05693461577961134
233,-2670.0,0.1294747045752642,0.06183833559641459,0.05708496120883678
234,-2660.0,0.1294447092492154,0.061693206602462254,0.05723685136177488
235,-2650.0,0.12941440423296,0.06155393647453995,0.05739030691046397
236,-2640.0,0.12938378536040765,0.06142064727235665,0.05754534886359257
237,-2630.0,0.12935284839723654,0.06129333899591234,0.05770199857287026
238,-2620.0,0.1293215890395941,0.06117213370491598,0.057860277739533526
239,-2610.0,0.1292900029127699,0.06105703139936758,0.05802020842098974
240,-2600.0,0.12925808556984028,0.06094827619868505,0.05818181303760249
241,-2590.0,0.12922583249028383,0.060845623983450475,0.058345114379621414
242,-2580.0,0.12919323907856717,0.06074944093279072,0.0585101356142599
243,-2570.0,0.12916030066270048,0.06065960498699685,0.058676900292924064
244,-2560.0,0.1291270124927617,0.060576116146068844,0.0588454323585965
245,-2550.0,0.1290933697393892,0.06049921852942463,0.05901575615337826
246,-2540.0,0.12905936749224156,0.06042879007735525,0.05918789642619281
247,-2530.0,0.12902500075842419,0.06036483078986069,0.05936187834065566
248,-2520.0,0.12899026446088202,0.060307584786358885,0.05953772748311355
249,-2510.0,0.12895515343675704,0.06025680794743192,0.059715469870856824
250,-2500.0,0.12891966243571032,0.060212744392497686,0.05989513196050952
251,-2490.0,0.12888378611820728,0.06017527206184726,0.06007674065660058
252,-2480.0,0.128847519053766,0.060144513015189575,0.06026032332032102
253,-2470.0,0.12881085571916684,0.06012034519281568,0.06044590777847082
254,-2460.0000000000005,0.12877379049662319,0.06010289065443452,0.06063352233260034
255,-2450.0,0.12873631767191207,0.06009214940004613,0.060823195768350394
256,-2440.0,0.12869843143246387,0.060087999369941525,0.061014957364995695
257,-2430.0,0.12866012586540992,0.06009056262382967,0.06120883690519657
258,-2420.0,0.12862139495558744,0.0600997171020016,0.06140486468496327
259,-2410.0,0.12858223258350038,0.060115462804457315,0.06160307152383833
260,-2400.0,0.1285426325232354,0.060137799731196824,0.061803488775301445
261,-2390.0,0.12850258844033177,0.060166849941929085,0.06200614833740249
262,-2380.0,0.1284620938896046,0.06020224725752721,0.06221108266362756
263,-2370.0,0.12842114231291937,0.06024423579740914,0.062418324774003525
264,-2360.0,0.12837972703691758,0.060292693501865884,0.06262790826644668
265,-2350.0,0.12833784127069198,0.0603474983111885,0.06283986732836083
266,-2340.0,0.1282954781034101,0.06040877228508596,0.06305423674849076
267,-2330.0,0.12825263050188512,0.06047627130414032,0.06327105192903687
268,-2320.0,0.12820929130809264,0.06055011742806056,0.06349034889803687
269,-2310.0,0.12816545323663242,0.06063006653742876,0.06371216432202069
270,-2300.0,0.12812110887213335,0.0607161186322449,0.06393653551894492
271,-2290.0,0.12807625066660094,0.06080839577221795,0.0641635004714129
272,-2280.0,0.1280308709367053,0.06090653177822104,0.06439309784018718
273,-2270.0,0.12798496186100883,0.06101064870996314,0.06462536697800096
274,-2260.0,0.12793851547713211,0.061120502448026304,0.06486034794367507
275,-2250.0,0.12789152367885626,0.06123621505211949,0.06509808151654756
276,-2239.9999999999995,0.12784397821316063,0.0613575424028248,0.06533860921122302
277,-2230.0,0.12779587067719442,0.06148460655985121,0.06558197329264848
278,-2220.0,0.1277471925151802,0.061617041344071796,0.06582821679152362
279,-2210.0,0.12769793501524873,0.061754846755486585,0.06607738352005244
280,-2200.0,0.12764808930620217,0.06189802279409558,0.06632951808804398
281,-2189.9999999999995,0.12759764635420565,0.062046325340480844,0.06658466591937023
282,-2180.0,0.1275465969594042,0.062199876454351356,0.06684287326878857
283,-2170.0,0.12749493175246424,0.06235830995658023,0.06710418723913714
284,-2160.0000000000005,0.12744264119103754,0.06252174790687642,0.06736865579891115
285,-2150.0,0.12738971555614614,0.06268982412611306,0.06763632780022859
286,-2140.0,0.12733614494848616,0.06286278273370806,0.06790725299719352
287,-2130.0,0.12728191928464935,0.06304013549082559,0.06818148206466593
288,-2120.0,0.12722702829325971,0.06322212651688357,0.06845906661744641
289,-2110.0,0.12717146151102404,0.06340838963275511,0.06874005922988499
290,-2100.0,0.12711520827869424,0.06359892483844021,0.06902451345592288
291,-2090.0,0.12705825773693943,0.06379348801452098,0.06931248384957614
292,-2080.0,0.12700059882212622,0.06399220122070634,0.06960402598587087
293,-2070.0,0.12694222026200463,0.06419469827786944,0.06989919648223916
294,-2060.0,0.12688311057129853,0.06440110124571923,0.07019805302038504
295,-2050.0,0.1268232580471975,0.06461104394512883,0.0705006543686305
296,-2039.9999999999998,0.12676265076474907,0.06482452637609824,0.07080706040475113
297,-2030.0000000000002,0.12670127657214872,0.06504154853862747,0.07111733213931104
298,-2019.9999999999998,0.12663912308592556,0.06526174425358963,0.07143153173950727
299,-2010.0000000000002,0.1265761776860218,0.06548523558069368,0.07174972255353351
300,-2000.0,0.1265124275107638,0.06571165634081276,0.07207196913547355
301,-1989.9999999999998,0.1264478594517223,0.0659411285936558,0.07239833727073397
302,-1980.0,0.12638246014846016,0.06617353027951388,0.07272889400202714
303,-1969.9999999999998,0.12631621598316486,0.06640849521926011,0.07306370765591447
304,-1960.0,0.12624911307516404,0.06664614547260342,0.07340284786991955
305,-1950.0,0.12618113727532143,0.06688623692012591,0.07374638562022298
306,-1939.9999999999998,0.12611227416031145,0.06712864750211861,0.07409439324994782
307,-1930.0,0.12604250902676975,0.06737337721858155,0.0744469444980468
308,-1920.0,0.1259718268853178,0.06762030400980575,0.07480411452880131
309,-1910.0,0.12590021245445926,0.0678691837563733,0.07516597996194255
310,-1900.0,0.12582765015434574,0.06812001645828418,0.07553261890340482
311,-1889.9999999999998,0.12575412410041012,0.06837268005582946,0.07590411097672128
312,-1880.0,0.12567961809686462,0.0686269304295912,0.07628053735507198
313,-1870.0,0.1256041156300623,0.06888288963927837,0.07666198079399404
314,-1860.0000000000002,0.125527599861719,0.06914031356547305,0.07704852566476351
315,-1850.0,0.12545005362199424,0.06939908014846628,0.07744025798845844
316,-1840.0,0.1253714594024288,0.0696590673285491,0.07783726547071215
317,-1830.0,0.12529179934873674,0.06992027510572152,0.07823963753716587
318,-1820.0,0.12521105525345047,0.07018258142027456,0.07864746536962894
319,-1810.0000000000002,0.12512920854841636,0.07044586421249928,0.07906084194295482
320,-1800.0,0.1250462402971394,0.0707100014226867,0.07947986206264086
321,-1790.0,0.1249621311869753,0.07097499305083683,0.07990462240315871
322,-1780.0000000000002,0.12487686152116798,0.07124059497753178,0.08033522154702233
323,-1770.0,0.12479041121073131,0.07150680720277151,0.08077176002459979
324,-1760.0000000000002,0.12470275976617357,0.07177350766684708,0.08121434035467379
325,-1750.0,0.12461388628906316,0.07204057431004952,0.0816630670857563
326,-1739.9999999999998,0.1245237694634348,0.07230812919208782,0.08211804683816071
327,-1730.0000000000002,0.12443238754703495,0.07257580613383505,0.08257938834683456
328,-1719.9999999999998,0.12433971836240575,0.07284360513529126,0.08304720250495533
329,-1710.0000000000002,0.12424573928780705,0.0731115261964564,0.08352160240828915
330,-1700.0000000000002,0.12415042724797587,0.07337944725762156,0.08400270340031377
331,-1689.9999999999998,0.1240537587047235,0.07364736831878672,0.08449062311810251
332,-1680.0,0.12395570964737022,0.07391504526053397,0.08498548153896772
333,-1669.9999999999998,0.12385625558301784,0.07418260014257225,0.08548740102785841
334,-1660.0,0.12375537152666137,0.07444978884548366,0.0859965063855063
335,-1650.0,0.12365303199114037,0.07471648930955922,0.0865129248973122
336,-1639.9999999999998,0.12354921097693163,0.07498294565421688,0.087036786382963
337,-1630.0,0.12344388196178514,0.07524879170032973,0.08756822324676697
338,-1620.0,0.12333701789020553,0.07551414950760675,0.08810737052869365
339,-1610.0,0.12322859116278168,0.07577877495663002,0.08865436595610066
340,-1600.0,0.12311857362536807,0.07604279010710849,0.08920934999612892
341,-1590.0,0.12300693655812132,0.07630595083962423,0.08977246590874316
342,-1580.0,0.12289365066439685,0.07656837921388623,0.09034385980039278
343,-1570.0,0.12277868605951,0.07682995317018554,0.09092368067826376
344,-1560.0,0.1226620122593686,0.0770906727085221,0.0915120805050896
345,-1550.0,0.12254359816898198,0.07735029370947806,0.09210921425448454
346,-1540.0,0.12242341207085544,0.07760906029247128,0.09271523996675854
347,-1530.0,0.12230142161327695,0.07786660627837491,0.0933303188051694
348,-1520.0,0.12217759379850633,0.07812305372689791,0.09395461511256133
349,-1510.0,0.12205189497087655,0.0783784026380403,0.09458829646833553
350,-1500.0,0.12192429080481851,0.07863253095209309,0.09523153374569177
351,-1490.0,0.12179474629282197,0.07888543866905627,0.09588450116907417
352,-1480.0000000000002,0.1216632257333461,0.07913700372922092,0.09654737637174848
353,-1470.0,0.12152969271869479,0.07938734819229597,0.09722034045343059
354,-1460.0,0.12139411012287338,0.07963622793886352,0.09790357803787886
355,-1450.0,0.12125644008944443,0.07988376502863251,0.09859727733035556
356,-1440.0000000000002,0.12111664401940286,0.080129837401894,0.09930163017485331
357,-1430.0000000000002,0.12097468255909137,0.08037444505864798,0.10001683211097426
358,-1419.9999999999998,0.1208305155881797,0.08061758799889444,0.10074308243033964
359,-1409.9999999999998,0.12068410220773347,0.08085914416292443,0.10148058423239723
360,-1400.0000000000002,0.12053540072839963,0.08109923561044693,0.10222954447948346
361,-1390.0000000000002,0.12038436865873872,0.08133774028175296,0.10299017405098501
362,-1380.0000000000002,0.12023096269373636,0.08157453611713356,0.10376268779643184
363,-1369.9999999999998,0.1200751387035289,0.08180974517629767,0.1045473045873416
364,-1360.0,0.11991685172238092,0.08204336745924534,0.10534424736761945
365,-1350.0,0.11975605593795567,0.08227528090626758,0.10615374320230439
366,-1340.0,0.11959270468092234,0.08250548551736438,0.10697602332443444
367,-1330.0,0.11942675041494763,0.08273385923282679,0.10781132317978835
368,-1320.0,0.11925814472712282,0.08296064617207276,0.10865988246924266
369,-1310.0,0.11908683831888095,0.08318560221568433,0.10952194518846231
370,-1300.0,0.11891278099746372,0.08340872736366149,0.11039775966462474
371,-1290.0,0.11873592166800098,0.08363014367571327,0.11128757858985376
372,-1280.0,0.11855620832627131,0.08384972909213063,0.1121916590510173
373,-1270.0,0.11837358805221646,0.08406748361291361,0.11311026255551884
374,-1260.0,0.11818800700428782,0.0842834072380622,0.11404365505268511
375,-1250.0,0.11799941041470924,0.08449749996757643,0.11499210695032722
376,-1240.0,0.11780774258574496,0.08470963974174728,0.115955893126021
377,-1230.0000000000002,0.11761294688706947,0.08491994862028376,0.11693529293262338
378,-1220.0,0.11741496575434127,0.08512842660318584,0.11793059019750805
379,-1210.0,0.11721374068909007,0.08533495163074459,0.11894207321496952
380,-1200.0,0.11700921226003447,0.08553964576266894,0.11997003473120887
381,-1190.0,0.11680132010595445,0.08574238693924997,0.12101477192127517
382,-1180.0,0.11659000294025196,0.0859432972201966,0.1220765863572976
383,-1170.0,0.11637519855734077,0.08614213248609093,0.12315578396729938
384,-1160.0,0.11615684384101636,0.08633913685635086,0.12425267498384143
385,-1150.0,0.1159348747749663,0.08653418827126745,0.12536757388169503
386,-1140.0,0.11570922645559119,0.08672728673084071,0.12650079930369545
387,-1130.0,0.11547983310731759,0.08691843223507062,0.12765267397387486
388,-1119.9999999999998,0.11524662810059472,0.08710762478395717,0.12882352459692023
389,-1110.0,0.11500954397277918,0.08729498643720934,0.13001368174294417
390,-1100.0,0.1147685124521233,0.08748027307540922,0.13122347971649856
391,-1090.0,0.1145234644850965,0.08766360675826575,0.13245325640869737
392,-1080.0000000000002,0.11427433026728168,0.08784510954548787,0.1337033531312529
393,-1070.0,0.11402103927810253,0.0880245373176577,0.13497411443116117
394,-1060.0,0.113763520319653,0.08820201213448421,0.1362658878847024
395,-1050.0,0.11350170155991403,0.08837753399596733,0.13757902386935267
396,-1040.0,0.11323551058065913,0.0885512249618161,0.13891387531212518
397,-1030.0,0.11296487443036632,0.08872284091261255,0.14027079741278586
398,-1019.9999999999999,0.11268971968247017,0.08889250390806566,0.14165014734030612
399,-1009.9999999999999,0.11240997249930568,0.08906021394817543,0.14305228390083613
400,-1000.0,0.11212555870211256,0.08922597103294183,0.1444775671753982
401,-990.0,0.1118364038474869,0.08938977516236492,0.1459263581254148
402,-980.0,0.11154243331068593,0.0895517483961536,0.14739901816409942
403,-969.9999999999999,0.11124357237620937,0.08971164661488998,0.1488959086916513
404,-960.0,0.11093974633610114,0.08986959187828303,0.15041739059210715
405,-950.0,0.11063088059643304,0.09002570624604168,0.15196382368961425
406,-940.0,0.11031690079245206,0.09017974559874803,0.15353556616180133
407,-930.0000000000001,0.10999773291289176,0.09033195405581998,0.15513297390783706
408,-920.0,0.10967330343396678,0.0904822095575486,0.15675639986868034
409,-910.0,0.10934353946358841,0.09063051210393386,0.15840619329694314
410,-900.0,0.10900836889635707,0.0907768616949758,0.16008269897370797
411,-890.0000000000001,0.10866772057990445,0.09092138039038333,0.1617862563695657
412,-880.0000000000001,0.10832152449317446,0.09106394613044752,0.16351719874707107
413,-869.9999999999999,0.10796971193724718,0.09120455891516838,0.16527585220174876
414,-859.9999999999999,0.10761221573932334,0.09134321874454587,0.16706253463873008
415,-850.0000000000001,0.10724897047049815,0.09148004767828899,0.16887755468205426
416,-840.0,0.10687991267796362,0.09161492365668876,0.1707212105136359
417,-830.0,0.10650498113228361,0.09174796873945415,0.17259378863887953
418,-819.9999999999999,0.10612411709039134,0.0918790608668762,0.1744955625759214
419,-810.0,0.10573726457495809,0.09200832209866384,0.17642679146548831
420,-800.0,0.1053443706707786,0.09213563037510816,0.1783877185984027
421,-790.0,0.10494538583880912,0.09226110775591809,0.1803785698578174
422,-780.0,0.10454026424848234,0.09238475424109362,0.18239955207335146
423,-770.0,0.1041289641289015,0.09250644777092581,0.18445085128440958
424,-760.0,0.10371144813949153,0.09262618834541467,0.18653263091011607
425,-750.0,0.10328768376064991,0.09274422008397808,0.1886450298234774
426,-740.0000000000001,0.10285764370489996,0.09286029886719815,0.19078816032761206
427,-730.0,0.1024213063489961,0.09297454675478385,0.19296210603215286
428,-720.0000000000001,0.10197865618737147,0.0930868416870262,0.19516691962824734
429,-709.9999999999999,0.10152968430724545,0.09319742778334311,0.1974026205609499
430,-700.0000000000001,0.10107438888562512,0.09330606092431669,0.19966919259822938
431,-690.0000000000001,0.10061277570833743,0.09341286316965587,0.20196658129630762
432,-680.0,0.10014485871111886,0.09351771245965172,0.20429469136160133
433,-670.0,0.09967066054266183,0.09362085291372213,0.2066533839101733
434,-660.0,0.09919021314937637,0.0937220404124492,0.2090424736263069
435,-650.0,0.09870355838146544,0.09382139701554189,0.211461725822607
436,-640.0,0.0982107486197339,0.09391892272300018,0.21391085340490895
437,-630.0,0.09771184742235567,0.09401449547511515,0.2163895137462442
438,-620.0,0.0972069301906045,0.09410835939130466,0.21889730547517328
439,-610.0,0.09669608485231741,0.09420027035215084,0.22143376518495705
440,-600.0,0.09617941256159836,0.09429035041736263,0.22399836407129703
441,-590.0,0.09565702841298895,0.09437847752723108,0.22659050450773843
442,-580.0,0.09512906216802805,0.09446477374146513,0.22920951656929422
443,-570.0,0.09459565899179488,0.09454923906006481,0.23185465451641696
444,-559.9999999999999,0.09405698019668157,0.09463175142332114,0.2345250932531116
445,-550.0,0.09351320399026976,0.09471231083123414,0.23721992477474863
446,-540.0000000000001,0.09296452622379404,0.09479103934351274,0.23993815462299187
447,-530.0,0.09241116113726498,0.094867814900448,0.24267869836719386
448,-520.0,0.09185334209689479,0.0949426375020399,0.24544037813362635
449,-509.99999999999994,0.09129132232002646,0.09501550714828846,0.2482219192059852
450,-500.0,0.09072537558231214,0.09508642383919369,0.2510219467227287
451,-490.0,0.09015579690142306,0.0951552655150466,0.253838982498953
452,-480.0,0.08958290319110722,0.09522215423555618,0.25667144200265707
453,-470.0,0.08900703387894614,0.09528696794101343,0.2595176315173803
454,-460.0,0.08842855148070514,0.09534958457170946,0.26237574552526927
455,-450.0,0.08784784212372951,0.0954102482470621,0.2652438643466285
456,-440.00000000000006,0.08726531601141878,0.09546859278794453,0.26811995207388195
457,-429.99999999999994,0.08668140782042313,0.0955247402540657,0.27100185483958483
458,-420.0,0.08609657702185726,0.09557869064542562,0.2738872994596356
459,-409.99999999999994,0.08551130811752918,0.09563032190231531,0.2767738924940935
460,-400.0,0.08492611078194531,0.09567938990531684,0.27965911976896163
461,-390.0,0.08434151990068921,0.09572613877384817,0.28254034640289616
462,-380.0,0.08375809549569227,0.0957702023287824,0.2854148173829937
463,-370.00000000000006,0.08317642252793285,0.09581158057011953,0.2882796587335345
464,-360.00000000000006,0.08259711056822601,0.09585027349785956,0.2911318793207697
465,-350.00000000000006,0.082020793327015,0.0958859149328756,0.2939683733354745
466,-340.0,0.08144812803445474,0.09591850487516768,0.29678592349300204
467,-330.0,0.08087979466260146,0.09594779920531785,0.29958120498791324
468,-320.0,0.08031649498219984,0.09597355380390821,0.30235079023688627
469,-310.0,0.07975895144739545,0.09599552455152086,0.30509115443949103
470,-300.0,0.07920790590270699,0.09601346732873782,0.3077986819815239
471,-290.0,0.07866411810776819,0.09602713801614124,0.310469673699923
472,-279.99999999999994,0.07812836407669899,0.09603580425547734,0.31310035502182215
473,-270.00000000000006,0.07760143423048585,0.09603934398703715,0.3156868849830628
474,-260.0,0.0770841313624353,0.09603690279285797,0.31822536612350716
475,-250.0,0.07657726841860778,0.09602799243410397,0.3207118552478118
476,-240.0,0.07608166609712162,0.09601163643310345,0.32314237503101617
477,-230.0,0.07559815027232793,0.09598685831218474,0.32551292643843666
478,-220.00000000000003,0.07512754925206892,0.09595231541454934,0.32781950191906206
479,-210.0,0.07467069087852284,0.09590654302368967,0.3300580993210222
480,-200.0,0.07422839948547436,0.09584758818426245,0.332224736466909
481,-190.0,0.07380149272719709,0.0957728876423795,0.3343154663159166
482,-180.00000000000003,0.0733907782964566,0.09567938990531684,0.3363263926291187
483,-170.0,0.07299705055139587,0.0955629449429699,0.33825368604389566
484,-160.0,0.07262108707320865,0.0954183041878534,0.3400936004537698
485,-150.0,0.07226364517849294,0.09523814405742982,0.34184248958089886
486,-139.99999999999997,0.07192545841196421,0.09501306595410929,0.3434968236204237
487,-130.0,0.07160723304674875,0.09472964330990633,0.345053205828964
488,-120.0,0.07130964462073161,0.09436956716847707,0.346508388923997
489,-110.00000000000001,0.07103333453835993,0.0939057402744326,0.3478592911568172
490,-100.0,0.07077890676786673,0.09329873734177914,0.34910301191940624
491,-90.00000000000001,0.07054692466405244,0.09248838293399987,0.3502368467449844
492,-80.0,0.07033790794651969,0.09137995871694256,0.35125830156335375
493,-69.99999999999999,0.07015232986258442,0.08981857091993813,0.3521651060754553
494,-60.0,0.06999061456297825,0.087540570571635,0.35295522611686214
495,-50.0,0.06985313471691457,0.08407810280759305,0.3536268748872128
496,-40.0,0.0697402093911259,0.07857638348597192,0.35417852293179036
497,-30.0,0.06965210221511618,0.06950466179671587,0.354608906772474
498,-20.0,0.06958901985213463,0.05470418972717485,0.3549170360979867
499,-10.0,0.06955111079231548,0.03481748958530934,0.35510219943756216
500,0.0,0.06953846448107892,0.023491080952161365,0.3551639682576226
501,10.0,0.06955111079231548,0.03481748958530934,0.35510219943756216
502,20.0,0.06958901985213463,0.05470418972717485,0.3549170360979867
503,30.0,0.06965210221511618,0.06950466179671587,0.354608906772474
504,40.0,0.0697402093911259,0.07857638348597192,0.35417852293179036
505,50.0,0.06985313471691457,0.08407810280759305,0.3536268748872128
506,60.0,0.06999061456297825,0.087540570571635,0.35295522611686214
507,69.99999999999999,0.07015232986258442,0.08981857091993813,0.3521651060754553
508,80.0,0.07033790794651969,0.09137995871694256,0.35125830156335375
509,90.00000000000001,0.07054692466405244,0.09248838293399987,0.3502368467449844
510,100.0,0.07077890676786673,0.09329873734177914,0.34910301191940624
511,110.00000000000001,0.07103333453835993,0.0939057402744326,0.3478592911568172
512,120.0,0.07130964462073161,0.09436956716847707,0.346508388923997
513,130.0,0.07160723304674875,0.09472964330990633,0.345053205828964
514,139.99999999999997,0.07192545841196421,0.09501306595410929,0.3434968236204237
515,150.0,0.07226364517849294,0.09523814405742982,0.34184248958089886
516,160.0,0.07262108707320865,0.0954183041878534,0.3400936004537698
517,170.0,0.07299705055139587,0.0955629449429699,0.33825368604389566
518,180.00000000000003,0.0733907782964566,0.09567938990531684,0.3363263926291187
519,190.0,0.07380149272719709,0.0957728876423795,0.3343154663159166
520,200.0,0.07422839948547436,0.09584758818426245,0.332224736466909
521,210.0,0.07467069087852284,0.09590654302368967,0.3300580993210222
522,220.00000000000003,0.07512754925206892,0.09595231541454934,0.32781950191906206
523,230.0,0.07559815027232793,0.09598685831218474,0.32551292643843666
524,240.0,0.07608166609712162,0.09601163643310345,0.32314237503101617
525,250.0,0.07657726841860778,0.09602799243410397,0.3207118552478118
526,260.0,0.0770841313624353,0.09603690279285797,0.31822536612350716
527,270.00000000000006,0.07760143423048585,0.09603934398703715,0.3156868849830628
528,279.99999999999994,0.07812836407669899,0.09603580425547734,0.31310035502182215
529,290.0,0.07866411810776819,0.09602713801614124,0.310469673699923
530,300.0,0.07920790590270699,0.09601346732873782,0.3077986819815239
531,310.0,0.07975895144739545,0.09599552455152086,0.30509115443949103
532,320.0,0.08031649498219984,0.09597355380390821,0.30235079023688627
533,330.0,0.08087979466260146,0.09594779920531785,0.29958120498791324
534,340.0,0.08144812803445474,0.09591850487516768,0.29678592349300204
535,350.00000000000006,0.082020793327015,0.0958859149328756,0.2939683733354745
536,360.00000000000006,0.08259711056822601,0.09585027349785956,0.2911318793207697
537,370.00000000000006,0.08317642252793285,0.09581158057011953,0.2882796587335345
538,380.0,0.08375809549569227,0.0957702023287824,0.2854148173829937
539,390.0,0.08434151990068921,0.09572613877384817,0.28254034640289616
540,400.0,0.08492611078194531,0.09567938990531684,0.27965911976896163
541,409.99999999999994,0.08551130811752918,0.09563032190231531,0.2767738924940935
542,420.0,0.08609657702185726,0.09557869064542562,0.2738872994596356
543,429.99999999999994,0.08668140782042313,0.0955247402540657,0.27100185483958483
544,440.00000000000006,0.08726531601141878,0.09546859278794453,0.26811995207388195
545,450.0,0.08784784212372951,0.0954102482470621,0.2652438643466285
546,460.0,0.08842855148070514,0.09534958457170946,0.26237574552526927
547,470.0,0.08900703387894614,0.09528696794101343,0.2595176315173803
548,480.0,0.08958290319110722,0.09522215423555618,0.25667144200265707
549,490.0,0.09015579690142306,0.0951552655150466,0.253838982498953
550,500.0,0.09072537558231214,0.09508642383919369,0.2510219467227287
551,509.99999999999994,0.09129132232002646,0.09501550714828846,0.2482219192059852
552,520.0,0.09185334209689479,0.0949426375020399,0.24544037813362635
553,530.0,0.09241116113726498,0.094867814900448,0.24267869836719386
554,540.0000000000001,0.09296452622379404,0.09479103934351274,0.23993815462299187
555,550.0,0.09351320399026976,0.09471231083123414,0.23721992477474863
556,559.9999999999999,0.09405698019668157,0.09463175142332114,0.2345250932531116
557,570.0,0.09459565899179488,0.09454923906006481,0.23185465451641696
558,580.0,0.09512906216802805,0.09446477374146513,0.22920951656929422
559,590.0,0.09565702841298895,0.09437847752723108,0.22659050450773843
560,600.0,0.09617941256159836,0.09429035041736263,0.22399836407129703
561,610.0,0.09669608485231741,0.09420027035215084,0.22143376518495705
562,620.0,0.0972069301906045,0.09410835939130466,0.21889730547517328
563,630.0,0.09771184742235567,0.09401449547511515,0.2163895137462442
564,640.0,0.0982107486197339,0.09391892272300018,0.21391085340490895
565,650.0,0.09870355838146544,0.09382139701554189,0.211461725822607
566,660.0,0.09919021314937637,0.0937220404124492,0.2090424736263069
567,670.0,0.09967066054266183,0.09362085291372213,0.2066533839101733
568,680.0,0.10014485871111886,0.09351771245965172,0.20429469136160133
569,690.0000000000001,0.10061277570833743,0.09341286316965587,0.20196658129630762
570,700.0000000000001,0.10107438888562512,0.09330606092431669,0.19966919259822938
571,709.9999999999999,0.10152968430724545,0.09319742778334311,0.1974026205609499
572,720.0000000000001,0.10197865618737147,0.0930868416870262,0.19516691962824734
573,730.0,0.1024213063489961,0.09297454675478385,0.19296210603215286
574,740.0000000000001,0.10285764370489996,0.09286029886719815,0.19078816032761206
575,750.0,0.10328768376064991,0.09274422008397808,0.1886450298234774
576,760.0,0.10371144813949153,0.09262618834541467,0.18653263091011607
577,770.0,0.1041289641289015,0.09250644777092581,0.18445085128440958
578,780.0,0.10454026424848234,0.09238475424109362,0.18239955207335146
579,790.0,0.10494538583880912,0.09226110775591809,0.1803785698578174
580,800.0,0.1053443706707786,0.09213563037510816,0.1783877185984027
581,810.0,0.10573726457495809,0.09200832209866384,0.17642679146548831
582,819.9999999999999,0.10612411709039134,0.0918790608668762,0.1744955625759214
583,830.0,0.10650498113228361,0.09174796873945415,0.17259378863887953
584,840.0,0.10687991267796362,0.09161492365668876,0.1707212105136359
585,850.0000000000001,0.10724897047049815,0.09148004767828899,0.16887755468205426
586,859.9999999999999,0.10761221573932334,0.09134321874454587,0.16706253463873008
587,869.9999999999999,0.10796971193724718,0.09120455891516838,0.16527585220174876
588,880.0000000000001,0.10832152449317446,0.09106394613044752,0.16351719874707107
589,890.0000000000001,0.10866772057990445,0.09092138039038333,0.1617862563695657
590,900.0,0.10900836889635707,0.0907768616949758,0.16008269897370797
591,910.0,0.10934353946358841,0.09063051210393386,0.15840619329694314
592,920.0,0.10967330343396678,0.0904822095575486,0.15675639986868034
593,930.0000000000001,0.10999773291289176,0.09033195405581998,0.15513297390783706
594,940.0,0.11031690079245206,0.09017974559874803,0.15353556616180133
595,950.0,0.11063088059643304,0.09002570624604168,0.15196382368961425
596,960.0,0.11093974633610114,0.08986959187828303,0.15041739059210715
597,969.9999999999999,0.11124357237620937,0.08971164661488998,0.1488959086916513
598,980.0,0.11154243331068593,0.0895517483961536,0.14739901816409942
599,990.0,0.1118364038474869,0.08938977516236492,0.1459263581254148
600,1000.0,0.11212555870211256,0.08922597103294183,0.1444775671753982
601,1009.9999999999999,0.11240997249930568,0.08906021394817543,0.14305228390083613
602,1019.9999999999999,0.11268971968247017,0.08889250390806566,0.14165014734030612
603,1030.0,0.11296487443036632,0.08872284091261255,0.14027079741278586
604,1040.0,0.11323551058065913,0.0885512249618161,0.13891387531212518
605,1050.0,0.11350170155991403,0.08837753399596733,0.13757902386935267
606,1060.0,0.113763520319653,0.08820201213448421,0.1362658878847024
607,1070.0,0.11402103927810253,0.0880245373176577,0.13497411443116117
608,1080.0000000000002,0.11427433026728168,0.08784510954548787,0.1337033531312529
609,1090.0,0.1145234644850965,0.08766360675826575,0.13245325640869737
610,1100.0,0.1147685124521233,0.08748027307540922,0.13122347971649856
611,1110.0,0.11500954397277918,0.08729498643720934,0.13001368174294417
612,1119.9999999999998,0.11524662810059472,0.08710762478395717,0.12882352459692023
613,1130.0,0.11547983310731759,0.08691843223507062,0.12765267397387486
614,1140.0,0.11570922645559119,0.08672728673084071,0.12650079930369545
615,1150.0,0.1159348747749663,0.08653418827126745,0.12536757388169503
616,1160.0,0.11615684384101636,0.08633913685635086,0.12425267498384143
617,1170.0,0.11637519855734077,0.08614213248609093,0.12315578396729938
618,1180.0,0.11659000294025196,0.0859432972201966,0.1220765863572976
619,1190.0,0.11680132010595445,0.08574238693924997,0.12101477192127517
620,1200.0,0.11700921226003447,0.08553964576266894,0.11997003473120887
621,1210.0,0.11721374068909007,0.08533495163074459,0.11894207321496952
622,1220.0,0.11741496575434127,0.08512842660318584,0.11793059019750805
623,1230.0000000000002,0.11761294688706947,0.08491994862028376,0.11693529293262338
624,1240.0,0.11780774258574496,0.08470963974174728,0.115955893126021
625,1250.0,0.11799941041470924,0.08449749996757643,0.11499210695032722
626,1260.0,0.11818800700428782,0.0842834072380622,0.11404365505268511
627,1270.0,0.11837358805221646,0.08406748361291361,0.11311026255551884
628,1280.0,0.11855620832627131,0.08384972909213063,0.1121916590510173
629,1290.0,0.11873592166800098,0.08363014367571327,0.11128757858985376
630,1300.0,0.11891278099746372,0.08340872736366149,0.11039775966462474
631,1310.0,0.11908683831888095,0.08318560221568433,0.10952194518846231
632,1320.0,0.11925814472712282,0.08296064617207276,0.10865988246924266
633,1330.0,0.11942675041494763,0.08273385923282679,0.10781132317978835
634,1340.0,0.11959270468092234,0.08250548551736438,0.10697602332443444
635,1350.0,0.11975605593795567,0.08227528090626758,0.10615374320230439
636,1360.0,0.11991685172238092,0.08204336745924534,0.10534424736761945
637,1369.9999999999998,0.1200751387035289,0.08180974517629767,0.1045473045873416
638,1380.0000000000002,0.12023096269373636,0.08157453611713356,0.10376268779643184
639,1390.0000000000002,0.12038436865873872,0.08133774028175296,0.10299017405098501
640,1400.0000000000002,0.12053540072839963,0.08109923561044693,0.10222954447948346
641,1409.9999999999998,0.12068410220773347,0.08085914416292443,0.10148058423239723
642,1419.9999999999998,0.1208305155881797,0.08061758799889444,0.10074308243033964
643,1430.0000000000002,0.12097468255909137,0.08037444505864798,0.10001683211097426
644,1440.0000000000002,0.12111664401940286,0.080129837401894,0.09930163017485331
645,1450.0,0.12125644008944443,0.07988376502863251,0.09859727733035556
646,1460.0,0.12139411012287338,0.07963622793886352,0.09790357803787886
647,1470.0,0.12152969271869479,0.07938734819229597,0.09722034045343059
648,1480.0000000000002,0.1216632257333461,0.07913700372922092,0.09654737637174848
649,1490.0,0.12179474629282197,0.07888543866905627,0.09588450116907417
650,1500.0,0.12192429080481851,0.07863253095209309,0.09523153374569177
651,1510.0,0.12205189497087655,0.0783784026380403,0.09458829646833553
652,1520.0,0.12217759379850633,0.07812305372689791,0.09395461511256133
653,1530.0,0.12230142161327695,0.07786660627837491,0.0933303188051694
654,1540.0,0.12242341207085544,0.07760906029247128,0.09271523996675854
655,1550.0,0.12254359816898198,0.07735029370947806,0.09210921425448454
656,1560.0,0.1226620122593686,0.0770906727085221,0.0915120805050896
657,1570.0,0.12277868605951,0.07682995317018554,0.09092368067826376
658,1580.0,0.12289365066439685,0.07656837921388623,0.09034385980039278
659,1590.0,0.12300693655812132,0.07630595083962423,0.08977246590874316
660,1600.0,0.12311857362536807,0.07604279010710849,0.08920934999612892
661,1610.0,0.12322859116278168,0.07577877495663002,0.08865436595610066
662,1620.0,0.12333701789020553,0.07551414950760675,0.08810737052869365
663,1630.0,0.12344388196178514,0.07524879170032973,0.08756822324676697
664,1639.9999999999998,0.12354921097693163,0.07498294565421688,0.087036786382963
665,1650.0,0.12365303199114037,0.07471648930955922,0.0865129248973122
666,1660.0,0.12375537152666137,0.07444978884548366,0.0859965063855063
667,1669.9999999999998,0.12385625558301784,0.07418260014257225,0.08548740102785841
668,1680.0,0.12395570964737022,0.07391504526053397,0.08498548153896772
669,1689.9999999999998,0.1240537587047235,0.07364736831878672,0.08449062311810251
670,1700.0000000000002,0.12415042724797587,0.07337944725762156,0.08400270340031377
671,1710.0000000000002,0.12424573928780705,0.0731115261964564,0.08352160240828915
672,1719.9999999999998,0.12433971836240575,0.07284360513529126,0.08304720250495533
673,1730.0000000000002,0.12443238754703495,0.07257580613383505,0.08257938834683456
674,1739.9999999999998,0.1245237694634348,0.07230812919208782,0.08211804683816071
675,1750.0,0.12461388628906316,0.07204057431004952,0.0816630670857563
676,1760.0000000000002,0.12470275976617357,0.07177350766684708,0.08121434035467379
677,1770.0,0.12479041121073131,0.07150680720277151,0.08077176002459979
678,1780.0000000000002,0.12487686152116798,0.07124059497753178,0.08033522154702233
679,1790.0,0.1249621311869753,0.07097499305083683,0.07990462240315871
680,1800.0,0.1250462402971394,0.0707100014226867,0.07947986206264086
681,1810.0000000000002,0.12512920854841636,0.07044586421249928,0.07906084194295482
682,1820.0,0.12521105525345047,0.07018258142027456,0.07864746536962894
683,1830.0,0.12529179934873674,0.06992027510572152,0.07823963753716587
684,1840.0,0.1253714594024288,0.0696590673285491,0.07783726547071215
685,1850.0,0.12545005362199424,0.06939908014846628,0.07744025798845844
686,1860.0000000000002,0.125527599861719,0.06914031356547305,0.07704852566476351
687,1870.0,0.1256041156300623,0.06888288963927837,0.07666198079399404
688,1880.0,0.12567961809686462,0.0686269304295912,0.07628053735507198
689,1889.9999999999998,0.12575412410041012,0.06837268005582946,0.07590411097672128
690,1900.0,0.12582765015434574,0.06812001645828418,0.07553261890340482
691,1910.0,0.12590021245445926,0.0678691837563733,0.07516597996194255
692,1920.0,0.1259718268853178,0.06762030400980575,0.07480411452880131
693,1930.0,0.12604250902676975,0.06737337721858155,0.0744469444980468
694,1939.9999999999998,0.12611227416031145,0.06712864750211861,0.07409439324994782
695,1950.0,0.12618113727532143,0.06688623692012591,0.07374638562022298
696,1960.0,0.12624911307516404,0.06664614547260342,0.07340284786991955
697,1969.9999999999998,0.12631621598316486,0.06640849521926011,0.07306370765591447
698,1980.0,0.12638246014846016,0.06617353027951388,0.07272889400202714
699,1989.9999999999998,0.1264478594517223,0.0659411285936558,0.07239833727073397
700,2000.0,0.1265124275107638,0.06571165634081276,0.07207196913547355
701,2010.0000000000002,0.1265761776860218,0.06548523558069368,0.07174972255353351
702,2019.9999999999998,0.12663912308592556,0.06526174425358963,0.07143153173950727
703,2030.0000000000002,0.12670127657214872,0.06504154853862747,0.07111733213931104
704,2039.9999999999998,0.12676265076474907,0.06482452637609824,0.07080706040475113
705,2050.0,0.1268232580471975,0.06461104394512883,0.0705006543686305
706,2060.0,0.12688311057129853,0.06440110124571923,0.07019805302038504
707,2070.0,0.12694222026200463,0.06419469827786944,0.06989919648223916
708,2080.0,0.12700059882212622,0.06399220122070634,0.06960402598587087
709,2090.0,0.12705825773693943,0.06379348801452098,0.06931248384957614
710,2100.0,0.12711520827869424,0.06359892483844021,0.06902451345592288
711,2110.0,0.12717146151102404,0.06340838963275511,0.06874005922988499
712,2120.0,0.12722702829325971,0.06322212651688357,0.06845906661744641
713,2130.0,0.12728191928464935,0.06304013549082559,0.06818148206466593
714,2140.0,0.12733614494848616,0.06286278273370806,0.06790725299719352
715,2150.0,0.12738971555614614,0.06268982412611306,0.06763632780022859
716,2160.0000000000005,0.12744264119103754,0.06252174790687642,0.06736865579891115
717,2170.0,0.12749493175246424,0.06235830995658023,0.06710418723913714
718,2180.0,0.1275465969594042,0.062199876454351356,0.06684287326878857
719,2189.9999999999995,0.12759764635420565,0.062046325340480844,0.06658466591937023
720,2200.0,0.12764808930620217,0.06189802279409558,0.06632951808804398
721,2210.0,0.12769793501524873,0.061754846755486585,0.06607738352005244
722,2220.0,0.1277471925151802,0.061617041344071796,0.06582821679152362
723,2230.0,0.12779587067719442,0.06148460655985121,0.06558197329264848
724,2239.9999999999995,0.12784397821316063,0.0613575424028248,0.06533860921122302
725,2250.0,0.12789152367885626,0.06123621505211949,0.06509808151654756
726,2260.0,0.12793851547713211,0.061120502448026304,0.06486034794367507
727,2270.0,0.12798496186100883,0.06101064870996314,0.06462536697800096
728,2280.0,0.1280308709367053,0.06090653177822104,0.06439309784018718
729,2290.0,0.12807625066660094,0.06080839577221795,0.0641635004714129
730,2300.0,0.12812110887213335,0.0607161186322449,0.06393653551894492
731,2310.0,0.12816545323663242,0.06063006653742876,0.06371216432202069
732,2320.0,0.12820929130809264,0.06055011742806056,0.06349034889803687
733,2330.0,0.12825263050188512,0.06047627130414032,0.06327105192903687
734,2340.0,0.1282954781034101,0.06040877228508596,0.06305423674849076
735,2350.0,0.12833784127069198,0.0603474983111885,0.06283986732836083
736,2360.0,0.12837972703691758,0.060292693501865884,0.06262790826644668
737,2370.0,0.12842114231291937,0.06024423579740914,0.062418324774003525
738,2380.0,0.1284620938896046,0.06020224725752721,0.06221108266362756
739,2390.0,0.12850258844033177,0.060166849941929085,0.06200614833740249
740,2400.0,0.1285426325232354,0.060137799731196824,0.061803488775301445
741,2410.0,0.12858223258350038,0.060115462804457315,0.06160307152383833
742,2420.0,0.12862139495558744,0.0600997171020016,0.06140486468496327
743,2430.0,0.12866012586540992,0.06009056262382967,0.06120883690519657
744,2440.0,0.12869843143246387,0.060087999369941525,0.061014957364995695
745,2450.0,0.12873631767191207,0.06009214940004613,0.060823195768350394
746,2460.0000000000005,0.12877379049662319,0.06010289065443452,0.06063352233260034
747,2470.0,0.12881085571916684,0.06012034519281568,0.06044590777847082
748,2480.0,0.128847519053766,0.060144513015189575,0.06026032332032102
749,2490.0,0.12888378611820728,0.06017527206184726,0.06007674065660058
750,2500.0,0.12891966243571032,0.060212744392497686,0.05989513196050952
751,2510.0,0.12895515343675704,0.06025680794743192,0.059715469870856824
752,2520.0,0.12899026446088202,0.060307584786358885,0.05953772748311355
753,2530.0,0.12902500075842419,0.06036483078986069,0.05936187834065566
754,2540.0,0.12905936749224156,0.06042879007735525,0.05918789642619281
755,2550.0,0.1290933697393892,0.06049921852942463,0.05901575615337826
756,2560.0,0.1291270124927617,0.060576116146068844,0.0588454323585965
757,2570.0,0.12916030066270048,0.06065960498699685,0.058676900292924064
758,2580.0,0.12919323907856717,0.06074944093279072,0.0585101356142599
759,2590.0,0.12922583249028383,0.060845623983450475,0.058345114379621414
760,2600.0,0.12925808556984028,0.06094827619868505,0.05818181303760249
761,2610.0,0.1292900029127699,0.06105703139936758,0.05802020842098974
762,2620.0,0.1293215890395941,0.06117213370491598,0.057860277739533526
763,2630.0,0.12935284839723654,0.06129333899591234,0.05770199857287026
764,2640.0,0.12938378536040765,0.06142064727235665,0.05754534886359257
765,2650.0,0.12941440423296,0.06155393647453995,0.05739030691046397
766,2660.0,0.1294447092492154,0.061693206602462254,0.05723685136177488
767,2670.0,0.1294747045752642,0.06183833559641459,0.05708496120883678
768,2680.0,0.1295043943102375,0.06198932345639696,0.05693461577961134
769,2689.9999999999995,0.12953378248755287,0.06214592606299145,0.05678579473247167
770,2700.0,0.12956287307613418,0.062308143416198045,0.05663847805009254
771,2710.0,0.12959166998160596,0.062475975516016774,0.05649264603346686
772,2720.0,0.12962017704746331,0.0626491782430297,0.05634827929604546
773,2730.0,0.1296483980562174,0.06282775159723682,0.056205358757997495
774,2739.9999999999995,0.12967633673051712,0.0630114514592202,0.056063865640588864
775,2750.0,0.12970399673424823,0.06320039988868885,0.055923781460675705
776,2760.0000000000005,0.12973138167360923,0.06339447482593377,0.05578508802531097
777,2769.9999999999995,0.12975849509816556,0.0635933100918281,0.05564776742646091
778,2780.0000000000005,0.12978534050188198,0.06379714980578975,0.05551180203582941
779,2789.9999999999995,0.12981192132413394,0.06400562778869184,0.05537717449978797
780,2800.0000000000005,0.12983824095069824,0.06421874404053438,0.05524386773440834
781,2810.0000000000005,0.12986430271472346,0.06443637650160841,0.05511186492059633
782,2819.9999999999995,0.129890109897681,0.06465840311220494,0.054981149499323895
783,2830.0000000000005,0.12991566573029603,0.06488470181261506,0.054851705166957684
784,2839.9999999999995,0.12994097339346042,0.06511515054312979,0.05472351587068201
785,2849.9999999999995,0.12996603601912676,0.06534974930374912,0.05459656580401367
786,2860.0000000000005,0.12999085669118432,0.06558825397505515,0.05447083940240722
787,2870.0,0.1300154384463175,0.0658305424973389,0.05434632133894836
788,2880.0000000000005,0.13003978427484697,0.06607661487060039,0.054222996520133376
789,2890.0,0.13006389712155395,0.06632622697542168,0.05410085008173328
790,2900.0,0.1300877798864878,0.06657925675209383,0.05397986738474006
791,2910.0000000000005,0.13011143542575776,0.06683570420061684,0.05386003401139403
792,2920.0,0.13013486655230874,0.06709544726128175,0.053741335761289866
793,2930.0,0.1301580760366815,0.06735824181467064,0.05362375864755996
794,2940.0,0.13018106660775802,0.06762408786078347,0.053507288893133324
795,2950.0,0.13020384095349197,0.0678927412802024,0.0533919129270685
796,2960.0000000000005,0.13022640172162447,0.06816420207292737,0.053277617380958556
797,2970.0,0.1302487515203862,0.06843834817924943,0.053164389085407104
798,2980.0,0.13027089291918523,0.06871505753945965,0.053052215066573316
799,2990.0,0.13029282844928153,0.06899420809384905,0.052941082542784734
800,3000.0,0.13031456060444818,0.06927567778270866,0.05283097892121648
801,3010.0,0.13033609184161957,0.06955922248662058,0.052721891794635045
802,3020.0,0.13035742458152716,0.06984496426529375,0.05261380893820577
803,3030.0,0.13037856120932237,0.0701326589993103,0.05250671830636224
804,3040.0,0.13039950407518783,0.07042230668867017,0.05240060802973659
805,3050.0,0.13042025549493638,0.07071366321395547,0.05229546641214909
806,3060.0,0.13044081775059876,0.07100660651545725,0.052191281927656125
807,3070.0,0.13046119309099963,0.07130113659317548,0.05208804321765493
808,3080.0,0.1304813837323226,0.07159713138740123,0.05198573908804419
809,3090.0,0.13050139185866444,0.07189446883842551,0.05188435850643921
810,3100.0,0.13052121962257845,0.0721930268865394,0.051783890599440316
811,3110.0,0.13054086914560753,0.07249280553174288,0.05168432464995379
812,3120.0,0.13056034251880697,0.07279356065461802,0.05158565009456367
813,3130.0,0.13057964180325732,0.07309529225516484,0.051487856520953945
814,3140.0,0.13059876903056733,0.07339787827367439,0.051390933665379473
815,3150.0,0.1306177262033675,0.07370119665043769,0.05129487141018518
816,3160.0,0.130636515295794,0.07400512532574577,0.051199659781372045
817,3170.0,0.1306551382539638,0.0743097863593076,0.051105288946209144
818,3180.0,0.1306735969964403,0.07461481357199631,0.051011749210890876
819,3190.0,0.1306918934146906,0.07492032902352087,0.050919031018238074
820,3200.0,0.13071002937353393,0.07522608859446334,0.050827124945442476
821,3210.0,0.13072800671158177,0.07553209228482374,0.05073602170185337
822,3220.0,0.1307458272416695,0.07583834009460204,0.05064571212680577
823,3229.9999999999995,0.13076349275128032,0.07614458790438033,0.050556187187489
824,3240.0,0.13078100500296078,0.07645095777386762,0.05046743797685508
825,3250.0,0.13079836573472903,0.07675708352393697,0.05037945571156603
826,3260.0,0.1308155766604751,0.07706320927400631,0.05029223172997914
827,3270.0,0.13083263947035406,0.07736909090465775,0.050205757490169714
828,3279.9999999999995,0.13084955583117155,0.07767472841589125,0.05012002456799018
829,3289.9999999999995,0.13086632738676246,0.0779799997479979,0.05003502465516513
830,3300.0,0.13088295575836256,0.07828478284126868,0.04995074955742132
831,3310.0,0.13089944254497318,0.07858919975541262,0.049867191192652094
832,3320.0,0.13091578932371925,0.07889300637101172,0.049784341589115357
833,3329.9999999999995,0.13093199765020078,0.07919620268806606,0.0497021928836646
834,3339.9999999999995,0.130948069058838,0.0794987887065756,0.049620737320012105
835,3350.0,0.13096400506320996,0.07980076442654034,0.049539967247023885
836,3360.0,0.1309798071563872,0.08010188572854236,0.04945987511704554
837,3370.0,0.1309954768112582,0.08040215261258168,0.04938045348425851
838,3379.9999999999995,0.13101101548085,0.08070156507865828,0.049301695003066075
839,3389.9999999999995,0.13102642459864303,0.08100012312677216,0.04922359242650847
840,3400.0000000000005,0.1310417055788801,0.08129770469721438,0.04914613860470664
841,3410.0000000000005,0.13105685981686996,0.08159430978998493,0.04906932648333394
842,3420.0000000000005,0.13107188868928552,0.08188981634537484,0.04899314910211524
843,3429.9999999999995,0.13108679355445624,0.08218422436338411,0.048917599593352984
844,3439.9999999999995,0.13110157575265585,0.08247753384401275,0.048842671180479524
845,3449.9999999999995,0.1311162366063846,0.08276974478726078,0.048768357176635344
846,3460.0000000000005,0.13113077742064647,0.08306061307371024,0.04869465098327254
847,3470.0000000000005,0.1311451994832215,0.08335038282277907,0.04862154608878314
848,3479.9999999999995,0.13115950406493346,0.08363880991504935,0.048549036067151746
849,3489.9999999999995,0.1311736924199124,0.08392589435052109,0.04847711457663193
850,3500.0,0.13118776578585287,0.08421175818890322,0.04840577535844611
851,3510.0000000000005,0.13120172538426744,0.08449615731077786,0.0483350122355083
852,3520.0000000000005,0.13121557242073573,0.08477921377585396,0.04826481911116924
853,3530.0,0.1312293080851492,0.08506080552442252,0.04819518996798362
854,3540.0,0.13124293355195146,0.08534093255648359,0.04812611886649889
855,3550.0,0.1312564499803745,0.08561959487203714,0.04805759994406514
856,3560.0000000000005,0.13126985851467074,0.0858967924710832,0.04798962741366585
857,3570.0000000000005,0.13128316028434106,0.08617252535362174,0.04792219556276893
858,3580.0,0.13129635640435883,0.08644667145994381,0.047855298752197656
859,3590.0,0.13130944797539013,0.08671923079004942,0.04778893141502125
860,3600.0,0.13132243608400987,0.0869903254036475,0.047723088055464644
861,3610.0,0.1313353218029147,0.08725971118132018,0.04765776324783697
862,3620.0000000000005,0.1313481061911317,0.08752751018277638,0.047592951635478595
863,3630.0,0.13136079029422384,0.0877937224080161,0.04752864792972622
864,3640.0,0.13137337514449163,0.08805834785703937,0.04746484690889567
865,3650.0,0.13138586176117165,0.0883212644701372,0.047401543417282206
866,3660.0,0.1313982511506313,0.08858247224730963,0.047338732364177794
867,3670.0000000000005,0.1314105443065606,0.08884209324826556,0.04727640872290523
868,3680.0,0.13142274221016034,0.08910000541329609,0.047214567529868565
869,3690.0,0.13143484583032738,0.08935620874240117,0.047153203883619786
870,3700.0,0.13144685612383655,0.08961070323558083,0.04709231294394121
871,3710.0,0.13145877403551962,0.08986361095254401,0.04703188993094341
872,3720.0000000000005,0.13147060049844114,0.09011468777387284,0.0469719301241784
873,3730.0,0.13148233643407142,0.09036405575927621,0.04691242886176768
874,3740.0,0.1314939827524565,0.09061171490875417,0.04685338153954497
875,3750.0,0.1315055403523853,0.09085766522230669,0.046794783610213345
876,3760.0,0.13151701012155398,0.0911019066999338,0.04673663058251639
877,3770.0,0.13152839293672755,0.0913443172819265,0.04667891802042328
878,3779.9999999999995,0.13153968966389878,0.09158514108770274,0.04662164154232737
879,3790.0,0.13155090115844448,0.09182413399784463,0.04656479682025815
880,3800.0,0.131562028265279,0.09206141807206104,0.046508379579106314
881,3810.0,0.13157307181900554,0.09229687125064309,0.046452385595861546
882,3820.0,0.13158403264406468,0.09253073765300868,0.04639681069886302
883,3829.9999999999995,0.13159491155488048,0.09276277315973985,0.046341650767062204
884,3840.0,0.13160570935600424,0.09299309983054563,0.04628690172929781
885,3850.0,0.13161642684225588,0.09322171766542597,0.04623255956358267
886,3860.0,0.13162706479886307,0.09344850460467193,0.04617862029640228
887,3870.0,0.13163762400159779,0.09367370476770141,0.046125080002024796
888,3879.9999999999995,0.1316481052169111,0.0938970740350965,0.04607193480182239
889,3890.0,0.1316585092020653,0.09411873446656617,0.046019180863603536
890,3900.0,0.13166883670526414,0.09433868606211042,0.04596681440095627
891,3910.0,0.13167908846578105,0.09455692882172924,0.04591483167260203
892,3920.0,0.1316892652140849,0.09477358480513158,0.04586322898176
893,3929.9999999999995,0.13169936767196397,0.09498840989289956,0.045812002675521685
894,3939.9999999999995,0.13170939655264813,0.0952015261447421,0.045761149144235645
895,3950.0,0.1317193525609284,0.0954129335606592,0.045710664820902074
896,3960.0,0.13172923639327547,0.09562275420035983,0.04566054618057711
897,3970.0,0.13173904873795542,0.09583086600413505,0.04561078973978676
898,3979.9999999999995,0.1317487902751443,0.09603726897198485,0.04556139205595006
899,3989.9999999999995,0.13175846167704042,0.09624208516361818,0.045512349726811646
900,4000.0,0.1317680636079751,0.09644519251932605,0.04546365938988318
901,4010.0000000000005,0.1317775967245215,0.09664659103910853,0.04541531772189378
902,4020.0000000000005,0.13178706167560186,0.09684640278267452,0.04536732143824914
903,4029.9999999999995,0.13179645910259283,0.09704462775002407,0.045319667292499186
904,4039.9999999999995,0.13180578963942952,0.09724114388144815,0.045272352075814176
905,4050.0000000000005,0.1318150539127073,0.09743607323665579,0.045225372616469105
906,4060.0000000000005,0.13182425254178268,0.09762941581564696,0.045178725779336154
907,4070.0000000000005,0.13183338613887202,0.09782117161842166,0.04513240846538518
908,4079.9999999999995,0.13184245530914906,0.09801134064497989,0.045086417611191955
909,4089.9999999999995,0.13185146065084083,0.09819992289532166,0.04504075018845424
910,4100.0,0.13186040275532188,0.09838691836944695,0.04499540320351529
911,4110.0,0.13186928220720728,0.09857232706735579,0.04495037369689484
912,4120.0,0.13187809958444408,0.09875614898904814,0.044905658742827426
913,4130.0,0.13188685545840134,0.098938506194233,0.04486125544880777
914,4140.0,0.13189555039395864,0.09911939868291034,0.04481716095514335
915,4150.0,0.1319041849495936,0.09929870439537121,0.04477337243451379
916,4160.0,0.1319127596774675,0.0994764233316156,0.04472988709153708
917,4170.0,0.13192127512350998,0.09965267755135251,0.04468670216234247
918,4180.0,0.13192973182750248,0.09982758911429086,0.04464381491414999
919,4190.0,0.13193813032315993,0.10000079184130377,0.044601222644856345
920,4200.0,0.13194647113821176,0.10017265191151815,0.044558922682627185
921,4210.0,0.13195475479448127,0.10034304726522501,0.04451691238549564
922,4220.0,0.13196298180796387,0.10051197790242437,0.04447518914096693
923,4230.0,0.13197115268890441,0.10067956588282519,0.04443375036562902
924,4240.0,0.1319792679418729,0.10084556708700951,0.044392593504769186
925,4250.0,0.13198732806583918,0.10101022563439528,0.04435171603199643
926,4260.0,0.1319953335542469,0.10117354152498254,0.04431111544886955
927,4270.000000000001,0.13200328489508573,0.10133539269906225,0.04427078928453089
928,4280.0,0.13201118257096295,0.10149590121634343,0.04423073509534559
929,4290.0,0.13201902705917373,0.10165494501711711,0.044190950464546234
930,4300.0,0.13202681883177037,0.10181276822080117,0.04415143300188289
931,4310.0,0.13203455835563074,0.10196912670797775,0.04411218034327837
932,4320.000000000001,0.13204224609252527,0.10212414253835578,0.044073190150488675
933,4330.0,0.1320498824991833,0.1022779377716442,0.04403446011076846
934,4340.0,0.13205746802735838,0.10243039034813407,0.04399598793654151
935,4350.0,0.13206500312389227,0.10258137820811644,0.04395777136507618
936,4360.0,0.13207248823077858,0.10273126753071818,0.04391980815816552
937,4370.000000000001,0.13207992378522487,0.10287981419652137,0.043882096101812304
938,4379.999999999999,0.1320873102197142,0.10302701820552601,0.04384463300591859
939,4390.0,0.1320946479620657,0.10317300161744104,0.043807416703979904
940,4400.0,0.13210193743549406,0.10331776443226652,0.043770445052783984
941,4410.0,0.13210917905866842,0.10346118459029342,0.043733715932113844
942,4420.0,0.13211637324577033,0.1036035062109397,0.04369722724445532
943,4429.999999999999,0.13212352040655054,0.10374448517478743,0.043660976914708834
944,4440.0,0.13213062094638545,0.10388436560125452,0.04362496288990533
945,4450.0,0.13213767526633238,0.10402290337092307,0.043589183138926506
946,4460.0,0.13214468376318422,0.10416034260321098,0.043553635652228924
947,4470.0,0.1321516468295231,0.1042965612384093,0.04351831844157232
948,4479.999999999999,0.13215856485377356,0.10443168133622699,0.04348322953975173
949,4490.0,0.13216543822025464,0.1045655808369551,0.04344836700033352
950,4500.0,0.13217226730923146,0.10469838180030257,0.04341372889739532
951,4510.0,0.13217905249696577,0.10483008422626938,0.04337931332526959
952,4520.0,0.13218579415576628,0.10496056605514664,0.04334511839829096
953,4530.0,0.1321924926540376,0.10508994934664327,0.04331114225054715
954,4540.0,0.13219914835632904,0.10521823410075926,0.043277383035633527
955,4550.0,0.1322057616233823,0.10534542031749461,0.043243838926411135
956,4560.0,0.13221233281217895,0.10547150799684932,0.043210508114768176
957,4570.0,0.1322188622759866,0.10559661919853237,0.04317738881138495
958,4580.0,0.13222535036440494,0.10572050980312582,0.04314447924550207
959,4590.0,0.132231797423411,0.1058434239300476,0.043111777664692034
960,4600.0,0.1322382037954036,0.10596523951958875,0.043079282334634
961,4610.0,0.1322445698192472,0.10608607863145822,0.043046991538891785
962,4620.0,0.1322508958303154,0.10620594126565605,0.04301490357869497
963,4630.0,0.1322571821605335,0.10632470536247321,0.04298301677272311
964,4640.0,0.13226342913842068,0.10644237092190975,0.042951329456893
965,4650.0,0.13226963708913134,0.10655918206338358,0.04291983998414891
966,4660.0,0.13227580633449615,0.1066748946674768,0.04288854672425574
967,4670.0,0.1322819371930624,0.10678975285360728,0.04285744806359516
968,4680.0,0.13228802998013364,0.10690351250235713,0.0428265424049645
969,4690.0,0.13229408500780906,0.10701641773314427,0.042795828167378515
970,4700.0,0.1323001025850221,0.10712834648625974,0.04276530378587386
971,4710.0,0.13230608301757843,0.10723929876170354,0.04273496771131635
972,4720.0,0.13231202660819386,0.10734927455947567,0.04270481841021086
973,4730.0,0.13231793365653116,0.10745839593928505,0.042674854364513806
974,4740.0,0.1323238044592367,0.1075665408414228,0.04264507407144834
975,4750.0,0.1323296393099766,0.10767383132559782,0.04261547604332197
976,4760.0,0.13233543849947216,0.10778014533210117,0.042586058807346804
977,4770.0,0.13234120231553506,0.10788560492064181,0.04255682090546217
978,4780.0,0.1323469310431018,0.10799021009121972,0.04252776089415976
979,4790.0,0.13235262496426803,0.10809396084383494,0.042498877344311084
980,4800.0,0.132358284358322,0.10819673511877846,0.042470168840997344
981,4810.0,0.13236390950177782,0.10829877703546825,0.04244163398334165
982,4820.0,0.1323695006684082,0.10839996453419534,0.04241327138434344
983,4830.0,0.1323750581292768,0.10850017555525072,0.04238507967071524
984,4840.0,0.13238058215277002,0.10859965421805236,0.04235705748272155
985,4850.0,0.13238607300462837,0.10869827846289129,0.042329203474020055
986,4860.0,0.13239153094797754,0.10879617034947647,0.04230151631150482
987,4870.0,0.13239695624335895,0.10889308575838998,0.042273994675151715
988,4880.0,0.13240234914875995,0.10898939086875868,0.042246637257865906
989,4890.0,0.13240770991964354,0.10908471950145571,0.04221944276533134
990,4900.0,0.13241303880897762,0.10917931577589898,0.04219240991586237
991,4910.0,0.13241833606726416,0.10927317969208851,0.04216553744025722
992,4920.000000000001,0.13242360194256766,0.1093663112500243,0.042138824081653536
993,4930.0,0.13242883668054328,0.10945858838999735,0.04211226859538583
994,4940.0,0.13243404052446478,0.10955013317171665,0.04208586974884479
995,4950.0,0.13243921371525183,0.10964094559518221,0.0420596263213385
996,4960.0,0.13244435649149722,0.10973102566039399,0.04203353710395551
997,4970.000000000001,0.13244946908949345,0.10982025130764306,0.04200760089942972
998,4980.0,0.13245455174325926,0.10990886665634735,0.04198181652200702
999,4990.0,0.13245960468456539,0.1099967496467979,0.041956182797313724
1000,5000.0,0.1324646281429605,0.11008390027899466,0.04193069856222677
